{
  "name": "signature_pad",
  "main": "signature_pad.js",
  "homepage": "https://github.com/szimek/signature_pad",
  "authors": [
    "Szymon Nowak <szimek@gmail.com>"
  ],
  "description": "Library for drawing smooth signatures.",
  "keywords": [
    "html5",
    "canvas",
    "signature"
  ],
  "license": "MIT",
  "ignore": [
    "**/.*",
    "node_modules",
    "bower_components",
    "src",
    "Gruntfile.js",
    "package.json"
  ],
  "version": "1.3.6",
  "_release": "1.3.6",
  "_resolution": {
    "type": "version",
    "tag": "v1.3.6",
    "commit": "adca0a1df8dece8419216905fa1926d9b41cb810"
  },
  "_source": "git://github.com/szimek/signature_pad.git",
  "_target": "~1.3.2",
  "_originalSource": "signature_pad"
}